object,state,prov,area,cnt,prov_rank,prov_rate,state_rank,state_rate
A,中国,广东,广州,4000,1,0.571428571428571,1,0.392156862745098
Z,中国,广东,深圳,2000,2,0.285714285714286,2,0.196078431372549
Y,中国,安徽,合肥,2000,1,0.625,2,0.196078431372549
B,中国,广东,广州,1000,3,0.142857142857143,4,0.0980392156862745
X,中国,安徽,合肥,1000,2,0.3125,4,0.0980392156862745
C,中国,安徽,芜湖,200,3,0.0625,6,0.0196078431372549
D,美国,未知,未知,20,1,1,1,1
