object,state,prov,area,value,prov_rank,prov_rate,state_rank,state_rate
6,A,中国,广东,广州,4000,1,0.571428571428571,1,0.392156862745098
3,Y,中国,安徽,合肥,2000,1,0.625,2,0.196078431372549
5,Z,中国,广东,深圳,2000,2,0.285714285714286,2,0.196078431372549
2,X,中国,安徽,合肥,1000,2,0.3125,4,0.0980392156862745
7,B,中国,广东,广州,1000,3,0.142857142857143,4,0.0980392156862745
4,C,中国,安徽,芜湖,200,3,0.0625,6,0.0196078431372549
1,D,美国,未知,未知,20,1,1,1,1
